https://www.ycombinator.com/companies/opensea,OpenSea
https://www.ycombinator.com/companies/gather-2,Gather
https://www.ycombinator.com/companies/goldbelly,Goldbelly
https://www.ycombinator.com/companies/snackpass,Snackpass
https://www.ycombinator.com/companies/burrow,Burrow
https://www.ycombinator.com/companies/magicbus,MagicBus
https://www.ycombinator.com/companies/vinebox,VINEBOX
https://www.ycombinator.com/companies/soundboks,SOUNDBOKS
https://www.ycombinator.com/companies/eight-sleep,Eight Sleep
https://www.ycombinator.com/companies/click-and-grow,Click & Grow
https://www.ycombinator.com/companies/platejoy,PlateJoy
https://www.ycombinator.com/companies/stylebee,StyleBee
https://www.ycombinator.com/companies/nebia,Nebia
https://www.ycombinator.com/companies/fetch,Fetch
https://www.ycombinator.com/companies/the-ticket-fairy,The Ticket Fairy
https://www.ycombinator.com/companies/her,HER
https://www.ycombinator.com/companies/shape-shapescale,Shape (ShapeScale)
https://www.ycombinator.com/companies/confident-cannabis,Confident Cannabis
https://www.ycombinator.com/companies/heroic-labs,Heroic Labs
https://www.ycombinator.com/companies/scope-ar,Scope AR
https://www.ycombinator.com/companies/lugg,Lugg
https://www.ycombinator.com/companies/replika,Replika
https://www.ycombinator.com/companies/tab,Tab
https://www.ycombinator.com/companies/pigeonly,Pigeonly
https://www.ycombinator.com/companies/placenote,Placenote
https://www.ycombinator.com/companies/level-frames,Level Frames
https://www.ycombinator.com/companies/cleanly,Cleanly
https://www.ycombinator.com/companies/underground-cellar,Underground Cellar
https://www.ycombinator.com/companies/labdoor,Labdoor
https://www.ycombinator.com/companies/kickback,Kickback
https://www.ycombinator.com/companies/women-com,Women.com
https://www.ycombinator.com/companies/spotangels,SpotAngels
https://www.ycombinator.com/companies/mtailor,MTailor
https://www.ycombinator.com/companies/mixerbox,MixerBox
https://www.ycombinator.com/companies/shoobs,Shoobs
https://www.ycombinator.com/companies/reebee,Reebee
https://www.ycombinator.com/companies/senic,Senic
https://www.ycombinator.com/companies/wevorce,Wevorce
https://www.ycombinator.com/companies/lollipuff,Lollipuff
https://www.ycombinator.com/companies/9gag,9gag
https://www.ycombinator.com/companies/blue-frog-gaming,Blue Frog Gaming
https://www.ycombinator.com/companies/odiggo,Odiggo
https://www.ycombinator.com/companies/titipku,Titipku
https://www.ycombinator.com/companies/quest,Quest
https://www.ycombinator.com/companies/oneshop,OneShop
https://www.ycombinator.com/companies/gamerpay,GamerPay
https://www.ycombinator.com/companies/stownest,Stownest
https://www.ycombinator.com/companies/siglo,Siglo
https://www.ycombinator.com/companies/ancana,Ancana
https://www.ycombinator.com/companies/mayaeats,MayaEats
https://www.ycombinator.com/companies/fluke,fluke
https://www.ycombinator.com/companies/glitzi,Glitzi
https://www.ycombinator.com/companies/qoa,QOA
https://www.ycombinator.com/companies/perfekto,Perfekto
https://www.ycombinator.com/companies/senpai-gg,SenpAI.GG
https://www.ycombinator.com/companies/locale,Locale
https://www.ycombinator.com/companies/madeats,MadEats
https://www.ycombinator.com/companies/atmana,Atmana
https://www.ycombinator.com/companies/solarmente,SolarMente
https://www.ycombinator.com/companies/gobillion,Gobillion
https://www.ycombinator.com/companies/beeper,Beeper
https://www.ycombinator.com/companies/listia,Listia
https://www.ycombinator.com/companies/bluu,Bluu
https://www.ycombinator.com/companies/mentorcam,Mentorcam
https://www.ycombinator.com/companies/camelan,Camlist
https://www.ycombinator.com/companies/mindportal,MindPortal
https://www.ycombinator.com/companies/mezli,Mezli
https://www.ycombinator.com/companies/voosh,Voosh
https://www.ycombinator.com/companies/olaclick,OlaClick
https://www.ycombinator.com/companies/leap-club,Leap Club
https://www.ycombinator.com/companies/stayflexi,Stayflexi
https://www.ycombinator.com/companies/betterhalf,Betterhalf
https://www.ycombinator.com/companies/tilt-2,Tilt
https://www.ycombinator.com/companies/zingbus,zingbus
https://www.ycombinator.com/companies/orbillion-bio,Orbillion Bio
https://www.ycombinator.com/companies/fanplay,FanPlay
https://www.ycombinator.com/companies/yourquote,YourQuote
https://www.ycombinator.com/companies/clipdrop,ClipDrop
https://www.ycombinator.com/companies/pragmatic-leaders,Pragmatic Leaders
https://www.ycombinator.com/companies/unfurl,Unfurl
https://www.ycombinator.com/companies/playmaker,Playmaker
https://www.ycombinator.com/companies/oxio,oxio
https://www.ycombinator.com/companies/chums,Chums
https://www.ycombinator.com/companies/todos-comemos,Todos Comemos
https://www.ycombinator.com/companies/quell,Quell
https://www.ycombinator.com/companies/chatpay,ChatPay
https://www.ycombinator.com/companies/hellosaurus,Hellosaurus
https://www.ycombinator.com/companies/artifact,Artifact
https://www.ycombinator.com/companies/byte,Byte
https://www.ycombinator.com/companies/milkrun,MilkRun
https://www.ycombinator.com/companies/socksoho,SockSoho
https://www.ycombinator.com/companies/piepacker,Piepacker
https://www.ycombinator.com/companies/powerus,PowerUs
https://www.ycombinator.com/companies/tap-to-learn,Tap to Learn
https://www.ycombinator.com/companies/lemonbox,LemonBox
https://www.ycombinator.com/companies/stem-sugar,The Supplant Company
https://www.ycombinator.com/companies/dreamcraft,DreamCraft
https://www.ycombinator.com/companies/a-la-couch,A La Couch
https://www.ycombinator.com/companies/easol,Easol
https://www.ycombinator.com/companies/pocket-worlds,Pocket Worlds
https://www.ycombinator.com/companies/lowkey,Lowkey
https://www.ycombinator.com/companies/honeylove,Honeylove
https://www.ycombinator.com/companies/callisto,Callisto
https://www.ycombinator.com/companies/jido-maps,Jido Maps
https://www.ycombinator.com/companies/bump-2,Secured
https://www.ycombinator.com/companies/orangewood-labs,Orangewood Labs
https://www.ycombinator.com/companies/mojo,mojo
https://www.ycombinator.com/companies/quit-genius,Quit Genius
https://www.ycombinator.com/companies/volley,Volley
https://www.ycombinator.com/companies/gainful,Gainful
https://www.ycombinator.com/companies/players-lounge,Players' Lounge
https://www.ycombinator.com/companies/universe,Universe
https://www.ycombinator.com/companies/the-podcast-app,The Podcast App
https://www.ycombinator.com/companies/tributi,Tributi
https://www.ycombinator.com/companies/lus-brands,LUS Brands
https://www.ycombinator.com/companies/tingles,Tingles
https://www.ycombinator.com/companies/precious,Precious
https://www.ycombinator.com/companies/sketchbox,Sketchbox
https://www.ycombinator.com/companies/proven,Proven
https://www.ycombinator.com/companies/lucy-goods-inc,"Lucy Goods, Inc"
https://www.ycombinator.com/companies/muzmatch,muzmatch
https://www.ycombinator.com/companies/guilded,Guilded
https://www.ycombinator.com/companies/mino-games,Mino Games
https://www.ycombinator.com/companies/roofr,Roofr
https://www.ycombinator.com/companies/fat-llama,Fat Llama
https://www.ycombinator.com/companies/fam,Fam
https://www.ycombinator.com/companies/mirror-ai,Mirror AI
https://www.ycombinator.com/companies/wifi-dabba-inc,"Wifi Dabba, Inc."
https://www.ycombinator.com/companies/move,Move
https://www.ycombinator.com/companies/beek,Beek
https://www.ycombinator.com/companies/simple-habit,Simple Habit
https://www.ycombinator.com/companies/speak,Speak
https://www.ycombinator.com/companies/skylights,SkyLights
https://www.ycombinator.com/companies/carupi,CARUPI
https://www.ycombinator.com/companies/giveaway,GiveAway
https://www.ycombinator.com/companies/suiteness,Suiteness
https://www.ycombinator.com/companies/thunderpod,Thunderpod
https://www.ycombinator.com/companies/hiration,Hiration
https://www.ycombinator.com/companies/tagmango,TagMango
https://www.ycombinator.com/companies/photoroom,PhotoRoom
https://www.ycombinator.com/companies/cotter,Typedream
https://www.ycombinator.com/companies/ello,Ello
https://www.ycombinator.com/companies/multiverse,Multiverse
https://www.ycombinator.com/companies/duffl,Duffl
https://www.ycombinator.com/companies/riya-collective,Riya Collective
https://www.ycombinator.com/companies/utvate-corporation,UTVATE
https://www.ycombinator.com/companies/paneau,Paneau
https://www.ycombinator.com/companies/yoshi,Yoshi
https://www.ycombinator.com/companies/stoic,stoic.
https://www.ycombinator.com/companies/curtsy,Curtsy
https://www.ycombinator.com/companies/mela,Mela
https://www.ycombinator.com/companies/khabri,Khabri
https://www.ycombinator.com/companies/lokal,Lokal
https://www.ycombinator.com/companies/binks,Binks
https://www.ycombinator.com/companies/lineleap,LineLeap
https://www.ycombinator.com/companies/rosebud-ai,Rosebud AI
https://www.ycombinator.com/companies/gogograndparent,GoGoGrandparent
https://www.ycombinator.com/companies/revel,Revel
https://www.ycombinator.com/companies/ever-loved,Ever Loved
https://www.ycombinator.com/companies/hype-and-vice,Hype and Vice
https://www.ycombinator.com/companies/jupiter,Jupiter
https://www.ycombinator.com/companies/short-story,Short Story
https://www.ycombinator.com/companies/pillar-2,Pillar
https://www.ycombinator.com/companies/wordloops,Wordloops
https://www.ycombinator.com/companies/mighty,Mighty
https://www.ycombinator.com/companies/shef,Shef
https://www.ycombinator.com/companies/buy-me-a-coffee,Buy Me a Coffee
https://www.ycombinator.com/companies/naturall-club,NaturAll Club
https://www.ycombinator.com/companies/rct-studio,rct AI
https://www.ycombinator.com/companies/rune,Rune
https://www.ycombinator.com/companies/myscoot,MyScoot
https://www.ycombinator.com/companies/wanderlog,Wanderlog
https://www.ycombinator.com/companies/farmstead,Farmstead
https://www.ycombinator.com/companies/cocoon,Cocoon
https://www.ycombinator.com/companies/pnoe,PNOĒ
https://www.ycombinator.com/companies/upgraded,Upgraded
https://www.ycombinator.com/companies/joy,Joy
https://www.ycombinator.com/companies/community-phone-company,Community Phone Company
https://www.ycombinator.com/companies/couturme,COUTURME
https://www.ycombinator.com/companies/windwalk-games,Windwalk Games
https://www.ycombinator.com/companies/flower-co,FLOWER CO.
https://www.ycombinator.com/companies/kalshi,Kalshi
https://www.ycombinator.com/companies/positive,Positive
https://www.ycombinator.com/companies/woody-library,Woody Library
https://www.ycombinator.com/companies/wakie,Wakie
https://www.ycombinator.com/companies/lynks,Lynks
https://www.ycombinator.com/companies/deako,Deako
https://www.ycombinator.com/companies/blitz-esports,Blitz Esports
https://www.ycombinator.com/companies/willing,Willing
https://www.ycombinator.com/companies/vanhawks,Vanhawks
https://www.ycombinator.com/companies/wayup,WayUp
https://www.ycombinator.com/companies/product-hunt,Product Hunt
https://www.ycombinator.com/companies/shopular,Shopular
https://www.ycombinator.com/companies/carlypso,Carlypso
https://www.ycombinator.com/companies/lumoid,Lumoid
https://www.ycombinator.com/companies/bloomthat,BloomThat
https://www.ycombinator.com/companies/vaycayhero,VaycayHero
https://www.ycombinator.com/companies/kamcord,Kamcord
https://www.ycombinator.com/companies/exec,Exec
https://www.ycombinator.com/companies/loopt,Loopt
https://www.ycombinator.com/companies/omgpop,Omgpop
https://www.ycombinator.com/companies/anywhere-fm,Anywhere.FM
https://www.ycombinator.com/companies/songkick,Songkick
https://www.ycombinator.com/companies/posterous,Posterous
https://www.ycombinator.com/companies/heyzap,Heyzap
https://www.ycombinator.com/companies/lockitron,Lockitron
https://www.ycombinator.com/companies/bump,Bump
https://www.ycombinator.com/companies/cue,Cue
https://www.ycombinator.com/companies/drapr,Drapr
https://www.ycombinator.com/companies/leftronic,Leftronic
https://www.ycombinator.com/companies/squad,Squad
https://www.ycombinator.com/companies/mayhem,Mayhem
https://www.ycombinator.com/companies/vida-and-co,VIDA & Co.
https://www.ycombinator.com/companies/orderahead,OrderAhead
https://www.ycombinator.com/companies/cardash,CarDash
https://www.ycombinator.com/companies/supr-daily,Supr Daily
https://www.ycombinator.com/companies/checkars,Checkars
https://www.ycombinator.com/companies/balto,Balto
https://www.ycombinator.com/companies/techmate,Techmate
https://www.ycombinator.com/companies/simplecitizen,SimpleCitizen
https://www.ycombinator.com/companies/glassmap,GlassMap
https://www.ycombinator.com/companies/hingeto,Hingeto
https://www.ycombinator.com/companies/vive,Vive
https://www.ycombinator.com/companies/wheelys-cafe,Wheelys Café
https://www.ycombinator.com/companies/afrostream,Afrostream
https://www.ycombinator.com/companies/pro-player,Pro Player
https://www.ycombinator.com/companies/nomiku,Nomiku
https://www.ycombinator.com/companies/aisle50,Aisle50
https://www.ycombinator.com/companies/paydragon,PayDragon
https://www.ycombinator.com/companies/weave-2,Weave
https://www.ycombinator.com/companies/futureleague,Futureleague
https://www.ycombinator.com/companies/ark,Ark
https://www.ycombinator.com/companies/meta,Meta
https://www.ycombinator.com/companies/getgoing,GetGoing
https://www.ycombinator.com/companies/everyday-me,Everyday.me
https://www.ycombinator.com/companies/registrylove,RegistryLove
https://www.ycombinator.com/companies/tastemaker,Tastemaker
https://www.ycombinator.com/companies/grouper,Grouper
https://www.ycombinator.com/companies/picwing,Picwing
https://www.ycombinator.com/companies/foodoro,Foodoro
https://www.ycombinator.com/companies/carwoo,CarWoo
https://www.ycombinator.com/companies/jobspice,Jobspice
https://www.ycombinator.com/companies/highlightcam,HighlightCam
https://www.ycombinator.com/companies/answerly,Answerly
https://www.ycombinator.com/companies/mylk-guys,Mylk Guys
https://www.ycombinator.com/companies/obsidian-labs,Obsidian Labs
https://www.ycombinator.com/companies/teevox,Teevox
https://www.ycombinator.com/companies/wheelstreet,WheelStreet
https://www.ycombinator.com/companies/gamelynx,Gamelynx
https://www.ycombinator.com/companies/sunu,Sunu
https://www.ycombinator.com/companies/mystro,Mystro
https://www.ycombinator.com/companies/prism-labs,Prism Labs
https://www.ycombinator.com/companies/sourcebeacon,SourceBeacon
https://www.ycombinator.com/companies/hyperink,Hyperink
https://www.ycombinator.com/companies/vango,VanGo
https://www.ycombinator.com/companies/utilityscore,UtilityScore
https://www.ycombinator.com/companies/inporia,Inporia
https://www.ycombinator.com/companies/abundance-labs,Abundance Labs
https://www.ycombinator.com/companies/xberts,Xberts
https://www.ycombinator.com/companies/seerslab,Seerslab
https://www.ycombinator.com/companies/coub,Coub
https://www.ycombinator.com/companies/mosaix-ai,Mosaix.ai
https://www.ycombinator.com/companies/snapjoy,Snapjoy
https://www.ycombinator.com/companies/imx-platform,IMX Platform
https://www.ycombinator.com/companies/ridejoy,Ridejoy
https://www.ycombinator.com/companies/kicksend,Kicksend
https://www.ycombinator.com/companies/opez,Opez